bodyparts,0
abdomen,0.9056792344285313
head,1.3876308907414043
leftwing,1.4356352032049262
rightwing,3.046089844118406
torax,2.2922902117096813
distnorm,278.9893988347932
